,Simulated,GC,CTGAN,TVAE
10000 rows - 0% Missing,-0.4246381153893714,-0.424514161530395,-0.6106052964909956,-0.16829229443869345
10000 rows - 10% Missing,-0.42639937535228833,-0.40963828673872643,-0.5676315090365273,-0.40053523948789266
10000 rows - 20% Missing,-0.42522435544484655,-0.38814626954500236,-0.5394111657340583,-0.32798771487751405
25000 rows - 0% Missing,-0.4290921584741255,-0.4359737551406002,-0.5388552707119821,-0.13065255946050378
25000 rows - 10% Missing,-0.4325925744902405,-0.41806133242044835,-0.5729818773822837,-0.14001139473765115
25000 rows - 20% Missing,-0.42506933058411966,-0.396135910873666,-0.5298532629982534,-0.1362479240283854
50000 rows - 0% Missing,-0.42564562166387426,-0.4214916242308711,-0.5708698394917464,-0.24633442813406706
50000 rows - 10% Missing,-0.4233500414132105,-0.4096597064179525,-0.5469957819639498,-0.3428647367556496
50000 rows - 20% Missing,-0.4272328321792632,-0.3905249465591877,-0.5902235134215621,-0.3012799990061699
