,Simulated,GC,CTGAN,TVAE
10000 rows - 0% Missing,0.41609766610822807,0.15367606914375484,0.2273298162949922,0.28084513756198143
10000 rows - 10% Missing,0.3607359674521317,0.13167507245924706,0.1992472692302138,0.3213265734102969
10000 rows - 20% Missing,0.38623350242696447,0.11131712742681378,0.21006069213344844,0.252640378370327
25000 rows - 0% Missing,0.39201497364560145,0.09870906604268669,0.28257331058718055,0.19696041649817694
25000 rows - 10% Missing,0.43128603093348883,0.10156999161199372,0.300718982976681,0.2202918444282505
25000 rows - 20% Missing,0.3657092060778259,0.14494759633226764,0.2657605667069752,0.18715794131879632
50000 rows - 0% Missing,0.38715197395717615,0.07457767884433095,0.38794374890355315,0.22291980913235998
50000 rows - 10% Missing,0.4168203694081496,0.0666210803281689,0.3833160331887851,0.19854329029566867
50000 rows - 20% Missing,0.38459402125954323,0.07588032459149732,0.3973185975773426,0.21378302330417043
