,Simulated,GC,CTGAN,TVAE
10000 rows - 0% Missing,2.7719946070752077,5.0786025454022,4.714017601056497,3.179036585340529
10000 rows - 10% Missing,2.8780320513916284,5.024929072004086,4.855045734740274,2.6090497346331767
10000 rows - 20% Missing,2.8886722965393967,5.1086267169471045,5.577458927577279,2.7079771373179375
25000 rows - 0% Missing,2.6564804880222743,5.242039529045952,4.753617034750812,3.279179255796538
25000 rows - 10% Missing,2.6476550344451035,5.339228935287794,4.760655357737168,3.5129720705986522
25000 rows - 20% Missing,2.661598541731565,5.275722527460224,4.655900051603863,3.6738658842462164
50000 rows - 0% Missing,2.5851448339802423,5.72434753205773,4.668472474734645,3.099148098641299
50000 rows - 10% Missing,2.5952491121740584,5.779959818177225,4.885139782891303,3.0742698287697734
50000 rows - 20% Missing,2.602349531309972,5.918482572747456,5.338978411321422,3.188239482563503
