,Simulated,GC,CTGAN,TVAE
10000 rows - 0% Missing,-0.5543574560130153,-0.5580035921405381,-0.7816453450035946,-0.5785885740443154
10000 rows - 10% Missing,-0.5481861508484805,-0.5271361488086066,-0.7025625923607524,-0.5279026676153166
10000 rows - 20% Missing,-0.5463769880838912,-0.518350798860976,-0.6605594226414012,-0.4843538902377834
25000 rows - 0% Missing,-0.543696807673588,-0.5493308403623772,-0.747029881588178,-0.44310857741320353
25000 rows - 10% Missing,-0.5412683592416663,-0.5223795876539871,-0.7684953978562358,-0.4740708484985751
25000 rows - 20% Missing,-0.5479009040034016,-0.5120719110654447,-0.7393515183428052,-0.5339392191843584
50000 rows - 0% Missing,-0.5514573999902402,-0.5452200798402431,-0.7491883998684288,-0.400237760286687
50000 rows - 10% Missing,-0.5507388506272475,-0.5220478764552509,-0.7310395656962261,-0.42128323840526755
50000 rows - 20% Missing,-0.551653508757774,-0.5063093534270809,-0.7747453044136783,-0.4417638515334583
