,Simulated,GC,CTGAN,TVAE
10000 rows - 0% Missing,0.8018419930691567,0.19320268678020233,0.3924763713475025,0.6309104394368754
10000 rows - 10% Missing,0.8383633175221343,0.18541923783851413,0.3961917893159884,0.6893976910203907
10000 rows - 20% Missing,0.8322561523769265,0.20341312796349112,0.35182717700949,0.6109681894854078
25000 rows - 0% Missing,0.7964659042512946,0.16437955584344746,0.6450071914972917,0.5632352591352547
25000 rows - 10% Missing,0.8102952242971908,0.16630099511535631,0.6413729767620494,0.6174148145309513
25000 rows - 20% Missing,0.7894685697440225,0.2106320578177895,0.6193225943251721,0.4904531979787753
50000 rows - 0% Missing,0.7922802075661718,0.1710554165949904,0.73499521755349,0.5946584885453742
50000 rows - 10% Missing,0.796109356375898,0.10928377293392622,0.7444004151604081,0.5417743135231664
50000 rows - 20% Missing,0.7895825528985334,0.12204008661863414,0.6935241942497676,0.5351414817864791
