,Simulated,GC,CTGAN,TVAE
10000 rows - 0% Missing,3.1618947524157694,5.180120107326377,3.4793755321958435,2.9289368306181958
10000 rows - 10% Missing,3.1702824763806468,5.141296356914556,4.137173760790718,2.8650328269618797
10000 rows - 20% Missing,3.236548215012516,5.11807598262604,4.159936317235807,2.8828797227312877
25000 rows - 0% Missing,3.096994150231716,4.616101209815629,4.073839223062462,3.054500516281773
25000 rows - 10% Missing,3.121212341165412,4.671044627912805,3.931358102175365,3.307652722398166
25000 rows - 20% Missing,3.1012133219412625,4.673982671863113,3.7438271795938087,2.7621202585613283
50000 rows - 0% Missing,3.0240238212845467,5.05977422178038,4.156472929160769,4.006128974061535
50000 rows - 10% Missing,3.031065588368958,5.109734470218855,3.977867894392405,3.934121610789005
50000 rows - 20% Missing,3.039903714183417,5.3103531831580515,3.9860983245780135,3.0919312827851835
