,Simulated,GC,CTGAN,TVAE
10000 rows - 0% Missing,-0.7522344941241889,-0.7204695268463442,-0.5706148626111853,-0.7466106894375383
10000 rows - 10% Missing,-0.7485648877589335,-0.6727644056801945,-0.5363917986427883,-0.7226110490493546
10000 rows - 20% Missing,-0.7542569063535007,-0.6603069339952413,-0.5040537423082716,-0.7020932544353631
25000 rows - 0% Missing,-0.7526505917445967,-0.7250980064489151,-0.7460660727246744,-0.7339101570244112
25000 rows - 10% Missing,-0.75361725432864,-0.6848575535479483,-0.7273824505264533,-0.6206418633305029
25000 rows - 20% Missing,-0.7529668029618671,-0.6721634755160583,-0.6448766802603748,-0.28710195311982695
50000 rows - 0% Missing,-0.7579320381006506,-0.7002256482387572,-0.7469644155462296,-0.6932798089985615
50000 rows - 10% Missing,-0.7584136798261139,-0.6783008903661816,-0.7285909333989469,-0.6645232990832607
50000 rows - 20% Missing,-0.7574247261811524,-0.6595958876814705,-0.7227749292866076,-0.6726844098557153
