,Simulated,GC,CTGAN,TVAE
10000 rows - 0% Missing,0.971483469980929,0.24601327171368417,0.48100159220736394,0.7959853446328597
10000 rows - 10% Missing,0.9713439089966144,0.3190747212804795,0.49190903004414344,0.810664825795394
10000 rows - 20% Missing,0.981372594514368,0.2925698771745678,0.45476193359810246,0.7178062442559595
25000 rows - 0% Missing,0.935540738352877,0.2358697623604216,0.6888329019590261,0.809149510833156
25000 rows - 10% Missing,0.9357888014647622,0.25209009659984427,0.6877270747013768,0.7709162553146336
25000 rows - 20% Missing,0.9359626410322686,0.2266194742795804,0.6841104966173102,0.6738605368726535
50000 rows - 0% Missing,0.9120250099163992,0.20566710220154066,0.7816713073298059,0.7313867921080096
50000 rows - 10% Missing,0.9125005285803772,0.22945713081696614,0.7720784120779002,0.7438390389697521
50000 rows - 20% Missing,0.9197217329753397,0.21344349975077298,0.7507369665813922,0.6996650615376859
