,Simulated,GC,CTGAN,TVAE
10000 rows - 0% Missing,5.8247239291499895,7.948826173194076,8.72652988770161,5.731627915817697
10000 rows - 10% Missing,5.827988762643353,8.462296950466401,8.16794316523745,6.035668858589532
10000 rows - 20% Missing,5.816789467317239,8.646603026209771,9.665800118177836,5.837094519086294
25000 rows - 0% Missing,5.803383621170191,7.177891738793184,7.130282247136402,5.40478198275127
25000 rows - 10% Missing,5.815290674453919,7.581269746959781,7.853297032059747,6.368528454944104
25000 rows - 20% Missing,5.805418996500127,7.6706619398993166,7.827919654542084,9.466214744155621
50000 rows - 0% Missing,5.78977232378291,9.325477748529602,6.832879444559718,6.2263097943818675
50000 rows - 10% Missing,5.7906953369832905,9.53414489931871,7.882104382287705,6.662119651406331
50000 rows - 20% Missing,5.803610499953713,9.803585652099825,7.69983910461756,6.510301404898614
