,Simulated,GC,CTGAN,TVAE
10000 rows - 0% Missing,-0.21613055768356823,-0.21833290790388582,-0.4211998649164514,-0.15672895135211032
10000 rows - 10% Missing,-0.21356708725573176,-0.20437073726926197,-0.36549253729931025,-0.04254905353114905
10000 rows - 20% Missing,-0.21219222059712378,-0.20850699843041312,-0.3467611761890378,-0.19825825087765056
25000 rows - 0% Missing,-0.21545806749200286,-0.22183949201064349,-0.35488437413001767,-0.14773736553915637
25000 rows - 10% Missing,-0.21254081017050216,-0.20478418164786358,-0.3738830131812943,-0.1078181492646843
25000 rows - 20% Missing,-0.22373938935022983,-0.21014622356612486,-0.26552665317353447,-0.09256785492960486
50000 rows - 0% Missing,-0.2155887442631219,-0.21375599710619125,-0.22712501098917856,-0.06095544448459552
50000 rows - 10% Missing,-0.21688366902967704,-0.21146293971993313,-0.4142195407065783,-0.1188250024527311
50000 rows - 20% Missing,-0.2151872677549632,-0.1973743888722197,-0.2862187577898667,-0.0575083420971106
