,Simulated,GC,CTGAN,TVAE
10000 rows - 0% Missing,0.2650645932846034,0.10208033166819883,0.1390603182741266,0.17487605818007312
10000 rows - 10% Missing,0.15490183611497288,0.09642782038143392,0.15560720033697387,0.19243562142847195
10000 rows - 20% Missing,0.2577910175877621,0.15467650500757585,0.16980556411598832,0.19770249591410194
25000 rows - 0% Missing,0.15343258780697694,0.09207232219159053,0.11598579197450287,0.08926996078565869
25000 rows - 10% Missing,0.19290131333905242,0.09332960153077166,0.1268334016378002,0.10372240442667002
25000 rows - 20% Missing,0.19068752243051654,0.15305634061707765,0.12970543338071883,0.09654101710225596
50000 rows - 0% Missing,0.12014545058954437,0.0666176870879263,0.11862129655601591,0.0652021401371598
50000 rows - 10% Missing,0.16568896319278706,0.07245701778256605,0.15788964802328306,0.09194257632082145
50000 rows - 20% Missing,0.14815339915422132,0.05876344980534182,0.14951199065057325,0.08408763009639972
