,Simulated,GC,CTGAN,TVAE
10000 rows - 0% Missing,2.98611591210865,5.472702872375395,5.861296465522423,4.693725807857321
10000 rows - 10% Missing,3.112338819796316,5.459327069300576,5.87085740932282,2.829634509952391
10000 rows - 20% Missing,3.1138476470227703,5.454182196487373,4.84253865699952,2.872049242136916
25000 rows - 0% Missing,2.838852847351733,5.766975187360511,5.62748796384929,3.6077665674586354
25000 rows - 10% Missing,2.834084781094648,5.705175291435379,5.392959629543287,3.235434634595272
25000 rows - 20% Missing,2.8482647213756906,5.777051142897022,4.874737220753279,3.0203863441320156
50000 rows - 0% Missing,2.765847780721357,6.202388012282736,4.839134859845961,3.7436452931198247
50000 rows - 10% Missing,2.7880338549156654,6.21716174302932,4.917637889392237,3.2499787760220196
50000 rows - 20% Missing,2.7960970491255277,6.296179006613601,4.99861229099142,2.9747288637799603
